No files changed, compilation skipped

╭------------------------------------------------------------------------------------------------------------------+------------------+-------------------+--------------------+---------------------╮
| Contract                                                                                                         | Runtime Size (B) | Initcode Size (B) | Runtime Margin (B) | Initcode Margin (B) |
+====================================================================================================================================================================================================+
| AcrossConfigStore                                                                                                | 2,757            | 2,851             | 21,819             | 46,301              |
|------------------------------------------------------------------------------------------------------------------+------------------+-------------------+--------------------+---------------------|
| AcrossEventEmitter                                                                                               | 247              | 272               | 24,329             | 48,880              |
|------------------------------------------------------------------------------------------------------------------+------------------+-------------------+--------------------+---------------------|
| AcrossMerkleDistributor                                                                                          | 4,077            | 4,171             | 20,499             | 44,981              |
|------------------------------------------------------------------------------------------------------------------+------------------+-------------------+--------------------+---------------------|
| AcrossMessageHandlerMock                                                                                         | 296              | 322               | 24,280             | 48,830              |
|------------------------------------------------------------------------------------------------------------------+------------------+-------------------+--------------------+---------------------|
| AdapterStore                                                                                                     | 1,341            | 1,435             | 23,235             | 47,717              |
|------------------------------------------------------------------------------------------------------------------+------------------+-------------------+--------------------+---------------------|
| Address (node_modules/@openzeppelin/contracts-v4/utils/Address.sol)                                              | 57               | 85                | 24,519             | 49,067              |
|------------------------------------------------------------------------------------------------------------------+------------------+-------------------+--------------------+---------------------|
| Address (node_modules/@openzeppelin/contracts/utils/Address.sol)                                                 | 57               | 85                | 24,519             | 49,067              |
|------------------------------------------------------------------------------------------------------------------+------------------+-------------------+--------------------+---------------------|
| AddressLibUpgradeable                                                                                            | 57               | 85                | 24,519             | 49,067              |
|------------------------------------------------------------------------------------------------------------------+------------------+-------------------+--------------------+---------------------|
| AddressToBytes32                                                                                                 | 57               | 85                | 24,519             | 49,067              |
|------------------------------------------------------------------------------------------------------------------+------------------+-------------------+--------------------+---------------------|
| AddressUpgradeable                                                                                               | 57               | 85                | 24,519             | 49,067              |
|------------------------------------------------------------------------------------------------------------------+------------------+-------------------+--------------------+---------------------|
| AdminRelayTokensAdapter                                                                                          | 743              | 876               | 23,833             | 48,276              |
|------------------------------------------------------------------------------------------------------------------+------------------+-------------------+--------------------+---------------------|
| AdminWithdrawManager                                                                                             | 3,573            | 4,911             | 21,003             | 44,241              |
|------------------------------------------------------------------------------------------------------------------+------------------+-------------------+--------------------+---------------------|
| AnotherSimpleContract                                                                                            | 154              | 182               | 24,422             | 48,970              |
|------------------------------------------------------------------------------------------------------------------+------------------+-------------------+--------------------+---------------------|
| ArbitrumMockErc20GatewayRouter                                                                                   | 1,933            | 1,959             | 22,643             | 47,193              |
|------------------------------------------------------------------------------------------------------------------+------------------+-------------------+--------------------+---------------------|
| Arbitrum_Adapter                                                                                                 | 5,363            | 6,053             | 19,213             | 43,099              |
|------------------------------------------------------------------------------------------------------------------+------------------+-------------------+--------------------+---------------------|
| Arbitrum_CustomGasToken_Adapter                                                                                  | 5,132            | 6,260             | 19,444             | 42,892              |
|------------------------------------------------------------------------------------------------------------------+------------------+-------------------+--------------------+---------------------|
| Arbitrum_Forwarder                                                                                               | 4,934            | 5,188             | 19,642             | 43,964              |
|------------------------------------------------------------------------------------------------------------------+------------------+-------------------+--------------------+---------------------|
| Arbitrum_RescueAdapter                                                                                           | 1,501            | 1,800             | 23,075             | 47,352              |
|------------------------------------------------------------------------------------------------------------------+------------------+-------------------+--------------------+---------------------|
| Arbitrum_SendTokensAdapter                                                                                       | 1,916            | 2,162             | 22,660             | 46,990              |
|------------------------------------------------------------------------------------------------------------------+------------------+-------------------+--------------------+---------------------|
| Arbitrum_SpokePool                                                                                               | 24,241           | 25,092            | 335                | 24,060              |
|------------------------------------------------------------------------------------------------------------------+------------------+-------------------+--------------------+---------------------|
| Arbitrum_WithdrawalHelper                                                                                        | 5,135            | 5,846             | 19,441             | 43,306              |
|------------------------------------------------------------------------------------------------------------------+------------------+-------------------+--------------------+---------------------|
| Arrays                                                                                                           | 57               | 85                | 24,519             | 49,067              |
|------------------------------------------------------------------------------------------------------------------+------------------+-------------------+--------------------+---------------------|
| BalanceTestTarget                                                                                                | 144              | 168               | 24,432             | 48,984              |
|------------------------------------------------------------------------------------------------------------------+------------------+-------------------+--------------------+---------------------|
| Base_Adapter                                                                                                     | 3,074            | 3,640             | 21,502             | 45,512              |
|------------------------------------------------------------------------------------------------------------------+------------------+-------------------+--------------------+---------------------|
| BeaconProxy                                                                                                      | 291              | 1,112             | 24,285             | 48,040              |
|------------------------------------------------------------------------------------------------------------------+------------------+-------------------+--------------------+---------------------|
| Blast_Adapter                                                                                                    | 2,819            | 3,474             | 21,757             | 45,678              |
|------------------------------------------------------------------------------------------------------------------+------------------+-------------------+--------------------+---------------------|
| Blast_DaiRetriever                                                                                               | 1,888            | 2,119             | 22,688             | 47,033              |
|------------------------------------------------------------------------------------------------------------------+------------------+-------------------+--------------------+---------------------|
| Blast_RescueAdapter                                                                                              | 741              | 913               | 23,835             | 48,239              |
|------------------------------------------------------------------------------------------------------------------+------------------+-------------------+--------------------+---------------------|
| Blast_SpokePool                                                                                                  | 25,745           | 26,744            | -1,169             | 22,408              |
|------------------------------------------------------------------------------------------------------------------+------------------+-------------------+--------------------+---------------------|
| Boba_Adapter                                                                                                     | 2,033            | 2,297             | 22,543             | 46,855              |
|------------------------------------------------------------------------------------------------------------------+------------------+-------------------+--------------------+---------------------|
| Boba_SpokePool                                                                                                   | 23,967           | 24,754            | 609                | 24,398              |
|------------------------------------------------------------------------------------------------------------------+------------------+-------------------+--------------------+---------------------|
| BondToken                                                                                                        | 2,727            | 3,456             | 21,849             | 45,696              |
|------------------------------------------------------------------------------------------------------------------+------------------+-------------------+--------------------+---------------------|
| Bytes                                                                                                            | 57               | 85                | 24,519             | 49,067              |
|------------------------------------------------------------------------------------------------------------------+------------------+-------------------+--------------------+---------------------|
| Bytes32ToAddress                                                                                                 | 57               | 85                | 24,519             | 49,067              |
|------------------------------------------------------------------------------------------------------------------+------------------+-------------------+--------------------+---------------------|
| BytesLib                                                                                                         | 57               | 85                | 24,519             | 49,067              |
|------------------------------------------------------------------------------------------------------------------+------------------+-------------------+--------------------+---------------------|
| Cher_SpokePool                                                                                                   | 24,394           | 25,236            | 182                | 23,916              |
|------------------------------------------------------------------------------------------------------------------+------------------+-------------------+--------------------+---------------------|
| CircleDomainIds                                                                                                  | 581              | 611               | 23,995             | 48,541              |
|------------------------------------------------------------------------------------------------------------------+------------------+-------------------+--------------------+---------------------|
| Comparators                                                                                                      | 57               | 85                | 24,519             | 49,067              |
|------------------------------------------------------------------------------------------------------------------+------------------+-------------------+--------------------+---------------------|
| ComposeMsgCodec                                                                                                  | 57               | 85                | 24,519             | 49,067              |
|------------------------------------------------------------------------------------------------------------------+------------------+-------------------+--------------------+---------------------|
| Core                                                                                                             | 57               | 85                | 24,519             | 49,067              |
|------------------------------------------------------------------------------------------------------------------+------------------+-------------------+--------------------+---------------------|
| CoreExecution                                                                                                    | 33,500           | 33,584            | -8,924             | 15,568              |
|------------------------------------------------------------------------------------------------------------------+------------------+-------------------+--------------------+---------------------|
| CoreSimulatorLib                                                                                                 | 57               | 85                | 24,519             | 49,067              |
|------------------------------------------------------------------------------------------------------------------+------------------+-------------------+--------------------+---------------------|
| CoreState                                                                                                        | 7,050            | 7,113             | 17,526             | 42,039              |
|------------------------------------------------------------------------------------------------------------------+------------------+-------------------+--------------------+---------------------|
| CoreView                                                                                                         | 11,298           | 11,361            | 13,278             | 37,791              |
|------------------------------------------------------------------------------------------------------------------+------------------+-------------------+--------------------+---------------------|
| CoreWriterLib                                                                                                    | 57               | 85                | 24,519             | 49,067              |
|------------------------------------------------------------------------------------------------------------------+------------------+-------------------+--------------------+---------------------|
| CoreWriterSim                                                                                                    | 3,884            | 3,910             | 20,692             | 45,242              |
|------------------------------------------------------------------------------------------------------------------+------------------+-------------------+--------------------+---------------------|
| CounterfactualBeacon                                                                                             | 4,173            | 5,213             | 20,403             | 43,939              |
|------------------------------------------------------------------------------------------------------------------+------------------+-------------------+--------------------+---------------------|
| CounterfactualBeaconBootstrap                                                                                    | 2,218            | 2,449             | 22,358             | 46,703              |
|------------------------------------------------------------------------------------------------------------------+------------------+-------------------+--------------------+---------------------|
| CounterfactualDeposit                                                                                            | 2,236            | 2,558             | 22,340             | 46,594              |
|------------------------------------------------------------------------------------------------------------------+------------------+-------------------+--------------------+---------------------|
| CounterfactualDepositCCTP                                                                                        | 4,662            | 5,760             | 19,914             | 43,392              |
|------------------------------------------------------------------------------------------------------------------+------------------+-------------------+--------------------+---------------------|
| CounterfactualDepositFactory                                                                                     | 2,279            | 2,420             | 22,297             | 46,732              |
|------------------------------------------------------------------------------------------------------------------+------------------+-------------------+--------------------+---------------------|
| CounterfactualDepositFactoryTron                                                                                 | 2,279            | 2,420             | 22,297             | 46,732              |
|------------------------------------------------------------------------------------------------------------------+------------------+-------------------+--------------------+---------------------|
| CounterfactualDepositOFT                                                                                         | 4,743            | 5,841             | 19,833             | 43,311              |
|------------------------------------------------------------------------------------------------------------------+------------------+-------------------+--------------------+---------------------|
| CounterfactualDepositSpokePool                                                                                   | 4,717            | 5,815             | 19,859             | 43,337              |
|------------------------------------------------------------------------------------------------------------------+------------------+-------------------+--------------------+---------------------|
| CounterfactualDepositSpokePoolTr                                                                                 | 4,968            | 6,066             | 19,608             | 43,086              |
|------------------------------------------------------------------------------------------------------------------+------------------+-------------------+--------------------+---------------------|
| CounterfactualDepositV2                                                                                          | 2,279            | 2,601             | 22,297             | 46,551              |
|------------------------------------------------------------------------------------------------------------------+------------------+-------------------+--------------------+---------------------|
| CounterfactualDepositVanillaCCTP                                                                                 | 4,030            | 5,128             | 20,546             | 44,024              |
|------------------------------------------------------------------------------------------------------------------+------------------+-------------------+--------------------+---------------------|
| Counters                                                                                                         | 57               | 85                | 24,519             | 49,067              |
|------------------------------------------------------------------------------------------------------------------+------------------+-------------------+--------------------+---------------------|
| Create2                                                                                                          | 57               | 85                | 24,519             | 49,067              |
|------------------------------------------------------------------------------------------------------------------+------------------+-------------------+--------------------+---------------------|
| CrossDomainAddressUtils                                                                                          | 57               | 85                | 24,519             | 49,067              |
|------------------------------------------------------------------------------------------------------------------+------------------+-------------------+--------------------+---------------------|
| CrossDomainEnabled                                                                                               | 156              | 281               | 24,420             | 48,871              |
|------------------------------------------------------------------------------------------------------------------+------------------+-------------------+--------------------+---------------------|
| DebugQuoteSignLib                                                                                                | 57               | 85                | 24,519             | 49,067              |
|------------------------------------------------------------------------------------------------------------------+------------------+-------------------+--------------------+---------------------|
| Defender                                                                                                         | 57               | 85                | 24,519             | 49,067              |
|------------------------------------------------------------------------------------------------------------------+------------------+-------------------+--------------------+---------------------|
| DefenderDeploy                                                                                                   | 57               | 85                | 24,519             | 49,067              |
|------------------------------------------------------------------------------------------------------------------+------------------+-------------------+--------------------+---------------------|
| DepositManagerMock                                                                                               | 404              | 430               | 24,172             | 48,722              |
|------------------------------------------------------------------------------------------------------------------+------------------+-------------------+--------------------+---------------------|
| DoctorWho_Adapter                                                                                                | 3,074            | 3,640             | 21,502             | 45,512              |
|------------------------------------------------------------------------------------------------------------------+------------------+-------------------+--------------------+---------------------|
| DonationBox                                                                                                      | 1,203            | 1,407             | 23,373             | 47,745              |
|------------------------------------------------------------------------------------------------------------------+------------------+-------------------+--------------------+---------------------|
| DoubleEndedQueue                                                                                                 | 57               | 85                | 24,519             | 49,067              |
|------------------------------------------------------------------------------------------------------------------+------------------+-------------------+--------------------+---------------------|
| DstOFTHandler                                                                                                    | 8,242            | 33,984            | 16,334             | 15,168              |
|------------------------------------------------------------------------------------------------------------------+------------------+-------------------+--------------------+---------------------|
| ECDSA (node_modules/@openzeppelin/contracts-v4/utils/cryptography/ECDSA.sol)                                     | 57               | 85                | 24,519             | 49,067              |
|------------------------------------------------------------------------------------------------------------------+------------------+-------------------+--------------------+---------------------|
| ECDSA (node_modules/@openzeppelin/contracts/utils/cryptography/ECDSA.sol)                                        | 57               | 85                | 24,519             | 49,067              |
|------------------------------------------------------------------------------------------------------------------+------------------+-------------------+--------------------+---------------------|
| ECDSAUpgradeable                                                                                                 | 57               | 85                | 24,519             | 49,067              |
|------------------------------------------------------------------------------------------------------------------+------------------+-------------------+--------------------+---------------------|
| ERC1155                                                                                                          | 2,981            | 3,528             | 21,595             | 45,624              |
|------------------------------------------------------------------------------------------------------------------+------------------+-------------------+--------------------+---------------------|
| ERC1967Proxy (node_modules/@openzeppelin/contracts-v4/proxy/ERC1967/ERC1967Proxy.sol)                            | 195              | 730               | 24,381             | 48,422              |
|------------------------------------------------------------------------------------------------------------------+------------------+-------------------+--------------------+---------------------|
| ERC1967Proxy (node_modules/@openzeppelin/contracts/proxy/ERC1967/ERC1967Proxy.sol)                               | 130              | 652               | 24,446             | 48,500              |
|------------------------------------------------------------------------------------------------------------------+------------------+-------------------+--------------------+---------------------|
| ERC1967Utils                                                                                                     | 57               | 85                | 24,519             | 49,067              |
|------------------------------------------------------------------------------------------------------------------+------------------+-------------------+--------------------+---------------------|
| ERC20                                                                                                            | 1,584            | 2,491             | 22,992             | 46,661              |
|------------------------------------------------------------------------------------------------------------------+------------------+-------------------+--------------------+---------------------|
| EnumerableSet (lib/sp1-contracts/contracts/lib/openzeppelin-contracts/contracts/utils/structs/EnumerableSet.sol) | 57               | 85                | 24,519             | 49,067              |
|------------------------------------------------------------------------------------------------------------------+------------------+-------------------+--------------------+---------------------|
| EnumerableSet (node_modules/@openzeppelin/contracts/utils/structs/EnumerableSet.sol)                             | 57               | 85                | 24,519             | 49,067              |
|------------------------------------------------------------------------------------------------------------------+------------------+-------------------+--------------------+---------------------|
| Errors                                                                                                           | 57               | 85                | 24,519             | 49,067              |
|------------------------------------------------------------------------------------------------------------------+------------------+-------------------+--------------------+---------------------|
| EthStorageTarget                                                                                                 | 232              | 257               | 24,344             | 48,895              |
|------------------------------------------------------------------------------------------------------------------+------------------+-------------------+--------------------+---------------------|
| Ethereum_Adapter                                                                                                 | 958              | 984               | 23,618             | 48,168              |
|------------------------------------------------------------------------------------------------------------------+------------------+-------------------+--------------------+---------------------|
| Ethereum_RescueAdapter                                                                                           | 928              | 1,062             | 23,648             | 48,090              |
|------------------------------------------------------------------------------------------------------------------+------------------+-------------------+--------------------+---------------------|
| Ethereum_SpokePool                                                                                               | 20,929           | 21,398            | 3,647              | 27,754              |
|------------------------------------------------------------------------------------------------------------------+------------------+-------------------+--------------------+---------------------|
| Exchange (test/evm/foundry/local/SpokePoolPeriphery.t.sol)                                                       | 1,846            | 1,982             | 22,730             | 47,170              |
|------------------------------------------------------------------------------------------------------------------+------------------+-------------------+--------------------+---------------------|
| Exchange (test/evm/foundry/local/TransferProxy.t.sol)                                                            | 1,075            | 1,211             | 23,501             | 47,941              |
|------------------------------------------------------------------------------------------------------------------+------------------+-------------------+--------------------+---------------------|
| Exclusive                                                                                                        | 57               | 85                | 24,519             | 49,067              |
|------------------------------------------------------------------------------------------------------------------+------------------+-------------------+--------------------+---------------------|
| ExecutorHarness                                                                                                  | 3,705            | 3,845             | 20,871             | 45,307              |
|------------------------------------------------------------------------------------------------------------------+------------------+-------------------+--------------------+---------------------|
| ExpandedERC20                                                                                                    | 3,935            | 5,500             | 20,641             | 43,652              |
|------------------------------------------------------------------------------------------------------------------+------------------+-------------------+--------------------+---------------------|
| ExpandedERC20WithBlacklist                                                                                       | 4,182            | 5,747             | 20,394             | 43,405              |
|------------------------------------------------------------------------------------------------------------------+------------------+-------------------+--------------------+---------------------|
| FixedPoint                                                                                                       | 57               | 85                | 24,519             | 49,067              |
|------------------------------------------------------------------------------------------------------------------+------------------+-------------------+--------------------+---------------------|
| FxStateSenderMock                                                                                                | 1,039            | 1,065             | 23,537             | 48,087              |
|------------------------------------------------------------------------------------------------------------------+------------------+-------------------+--------------------+---------------------|
| HLConstants                                                                                                      | 176              | 204               | 24,400             | 48,948              |
|------------------------------------------------------------------------------------------------------------------+------------------+-------------------+--------------------+---------------------|
| HLConversions                                                                                                    | 57               | 85                | 24,519             | 49,067              |
|------------------------------------------------------------------------------------------------------------------+------------------+-------------------+--------------------+---------------------|
| HashUtils (test/evm/foundry/local/SpokePoolPeriphery.t.sol)                                                      | 2,246            | 2,272             | 22,330             | 46,880              |
|------------------------------------------------------------------------------------------------------------------+------------------+-------------------+--------------------+---------------------|
| HashUtils (test/evm/foundry/local/TransferProxy.t.sol)                                                           | 1,864            | 1,890             | 22,712             | 47,262              |
|------------------------------------------------------------------------------------------------------------------+------------------+-------------------+--------------------+---------------------|
| Hashes                                                                                                           | 57               | 85                | 24,519             | 49,067              |
|------------------------------------------------------------------------------------------------------------------+------------------+-------------------+--------------------+---------------------|
| Heap                                                                                                             | 57               | 85                | 24,519             | 49,067              |
|------------------------------------------------------------------------------------------------------------------+------------------+-------------------+--------------------+---------------------|
| HubPool                                                                                                          | 14,171           | 14,646            | 10,405             | 34,506              |
|------------------------------------------------------------------------------------------------------------------+------------------+-------------------+--------------------+---------------------|
| HubPoolStore                                                                                                     | 1,093            | 1,225             | 23,483             | 47,927              |
|------------------------------------------------------------------------------------------------------------------+------------------+-------------------+--------------------+---------------------|
| HypeSystemContract                                                                                               | 210              | 234               | 24,366             | 48,918              |
|------------------------------------------------------------------------------------------------------------------+------------------+-------------------+--------------------+---------------------|
| HyperCore                                                                                                        | 37,671           | 37,755            | -13,095            | 11,397              |
|------------------------------------------------------------------------------------------------------------------+------------------+-------------------+--------------------+---------------------|
| HyperCoreFlowExecutor                                                                                            | 23,939           | 24,193            | 637                | 24,959              |
|------------------------------------------------------------------------------------------------------------------+------------------+-------------------+--------------------+---------------------|
| HyperCoreLib                                                                                                     | 597              | 627               | 23,979             | 48,525              |
|------------------------------------------------------------------------------------------------------------------+------------------+-------------------+--------------------+---------------------|
| HyperCoreLibWrapper                                                                                              | 308              | 334               | 24,268             | 48,818              |
|------------------------------------------------------------------------------------------------------------------+------------------+-------------------+--------------------+---------------------|
| HyperliquidDepositHandler                                                                                        | 10,112           | 11,511            | 14,464             | 37,641              |
|------------------------------------------------------------------------------------------------------------------+------------------+-------------------+--------------------+---------------------|
| Inbox                                                                                                            | 1,375            | 1,401             | 23,201             | 47,751              |
|------------------------------------------------------------------------------------------------------------------+------------------+-------------------+--------------------+---------------------|
| Ink_SpokePool                                                                                                    | 24,314           | 25,156            | 262                | 23,996              |
|------------------------------------------------------------------------------------------------------------------+------------------+-------------------+--------------------+---------------------|
| L2GatewayRouter                                                                                                  | 607              | 633               | 23,969             | 48,519              |
|------------------------------------------------------------------------------------------------------------------+------------------+-------------------+--------------------+---------------------|
| Lens_SpokePool                                                                                                   | 23,544           | 24,486            | 1,032              | 24,666              |
|------------------------------------------------------------------------------------------------------------------+------------------+-------------------+--------------------+---------------------|
| LibOptimismUpgradeable                                                                                           | 57               | 85                | 24,519             | 49,067              |
|------------------------------------------------------------------------------------------------------------------+------------------+-------------------+--------------------+---------------------|
| Lib_PredeployAddresses                                                                                           | 57               | 85                | 24,519             | 49,067              |
|------------------------------------------------------------------------------------------------------------------+------------------+-------------------+--------------------+---------------------|
| LimitOrderCalcUtils                                                                                              | 57               | 85                | 24,519             | 49,067              |
|------------------------------------------------------------------------------------------------------------------+------------------+-------------------+--------------------+---------------------|
| Linea_Adapter                                                                                                    | 3,008            | 3,574             | 21,568             | 45,578              |
|------------------------------------------------------------------------------------------------------------------+------------------+-------------------+--------------------+---------------------|
| Linea_SpokePool                                                                                                  | 23,223           | 24,058            | 1,353              | 25,094              |
|------------------------------------------------------------------------------------------------------------------+------------------+-------------------+--------------------+---------------------|
| Lisk_Adapter                                                                                                     | 3,074            | 3,619             | 21,502             | 45,533              |
|------------------------------------------------------------------------------------------------------------------+------------------+-------------------+--------------------+---------------------|
| Lisk_SpokePool                                                                                                   | 24,456           | 25,298            | 120                | 23,854              |
|------------------------------------------------------------------------------------------------------------------+------------------+-------------------+--------------------+---------------------|
| Lockable                                                                                                         | 57               | 92                | 24,519             | 49,060              |
|------------------------------------------------------------------------------------------------------------------+------------------+-------------------+--------------------+---------------------|
| LowLevelCall                                                                                                     | 57               | 85                | 24,519             | 49,067              |
|------------------------------------------------------------------------------------------------------------------+------------------+-------------------+--------------------+---------------------|
| LpTokenFactory                                                                                                   | 6,671            | 6,697             | 17,905             | 42,455              |
|------------------------------------------------------------------------------------------------------------------+------------------+-------------------+--------------------+---------------------|
| Math (node_modules/@openzeppelin/contracts-v4/utils/math/Math.sol)                                               | 57               | 85                | 24,519             | 49,067              |
|------------------------------------------------------------------------------------------------------------------+------------------+-------------------+--------------------+---------------------|
| Math (node_modules/@openzeppelin/contracts/utils/math/Math.sol)                                                  | 57               | 85                | 24,519             | 49,067              |
|------------------------------------------------------------------------------------------------------------------+------------------+-------------------+--------------------+---------------------|
| MathUpgradeable                                                                                                  | 57               | 85                | 24,519             | 49,067              |
|------------------------------------------------------------------------------------------------------------------+------------------+-------------------+--------------------+---------------------|
| Merkle                                                                                                           | 1,708            | 1,734             | 22,868             | 47,418              |
|------------------------------------------------------------------------------------------------------------------+------------------+-------------------+--------------------+---------------------|
| MerkleDistributor                                                                                                | 3,533            | 3,627             | 21,043             | 45,525              |
|------------------------------------------------------------------------------------------------------------------+------------------+-------------------+--------------------+---------------------|
| MerkleLib                                                                                                        | 57               | 85                | 24,519             | 49,067              |
|------------------------------------------------------------------------------------------------------------------+------------------+-------------------+--------------------+---------------------|
| MerkleLibTest                                                                                                    | 3,111            | 3,137             | 21,465             | 46,015              |
|------------------------------------------------------------------------------------------------------------------+------------------+-------------------+--------------------+---------------------|
| MerkleProof (node_modules/@openzeppelin/contracts-v4/utils/cryptography/MerkleProof.sol)                         | 57               | 85                | 24,519             | 49,067              |
|------------------------------------------------------------------------------------------------------------------+------------------+-------------------+--------------------+---------------------|
| MerkleProof (node_modules/@openzeppelin/contracts/utils/cryptography/MerkleProof.sol)                            | 57               | 85                | 24,519             | 49,067              |
|------------------------------------------------------------------------------------------------------------------+------------------+-------------------+--------------------+---------------------|
| MerkleTreeUtils                                                                                                  | 57               | 85                | 24,519             | 49,067              |
|------------------------------------------------------------------------------------------------------------------+------------------+-------------------+--------------------+---------------------|
| MessageHashUtils                                                                                                 | 57               | 85                | 24,519             | 49,067              |
|------------------------------------------------------------------------------------------------------------------+------------------+-------------------+--------------------+---------------------|
| MessengerTypes                                                                                                   | 127              | 155               | 24,449             | 48,997              |
|------------------------------------------------------------------------------------------------------------------+------------------+-------------------+--------------------+---------------------|
| MinimalExecutorOptions                                                                                           | 57               | 85                | 24,519             | 49,067              |
|------------------------------------------------------------------------------------------------------------------+------------------+-------------------+--------------------+---------------------|
| MinimalLZOptions                                                                                                 | 57               | 85                | 24,519             | 49,067              |
|------------------------------------------------------------------------------------------------------------------+------------------+-------------------+--------------------+---------------------|
| MintableERC1155                                                                                                  | 4,325            | 4,613             | 20,251             | 44,539              |
|------------------------------------------------------------------------------------------------------------------+------------------+-------------------+--------------------+---------------------|
| MintableERC20                                                                                                    | 2,003            | 2,942             | 22,573             | 46,210              |
|------------------------------------------------------------------------------------------------------------------+------------------+-------------------+--------------------+---------------------|
| MockAcrossMessageHandlerWithEvent                                                                                | 394              | 420               | 24,182             | 48,732              |
|------------------------------------------------------------------------------------------------------------------+------------------+-------------------+--------------------+---------------------|
| MockAddressWhitelist                                                                                             | 462              | 488               | 24,114             | 48,664              |
|------------------------------------------------------------------------------------------------------------------+------------------+-------------------+--------------------+---------------------|
| MockBedrockCrossDomainMessenger                                                                                  | 1,651            | 1,677             | 22,925             | 47,475              |
|------------------------------------------------------------------------------------------------------------------+------------------+-------------------+--------------------+---------------------|
| MockBedrockL1StandardBridge                                                                                      | 2,453            | 2,479             | 22,123             | 46,673              |
|------------------------------------------------------------------------------------------------------------------+------------------+-------------------+--------------------+---------------------|
| MockBedrockL2StandardBridge                                                                                      | 749              | 775               | 23,827             | 48,377              |
|------------------------------------------------------------------------------------------------------------------+------------------+-------------------+--------------------+---------------------|
| MockBlastUsdYieldManager                                                                                         | 217              | 249               | 24,359             | 48,903              |
|------------------------------------------------------------------------------------------------------------------+------------------+-------------------+--------------------+---------------------|
| MockBridgeHub                                                                                                    | 1,214            | 1,341             | 23,362             | 47,811              |
|------------------------------------------------------------------------------------------------------------------+------------------+-------------------+--------------------+---------------------|
| MockCCTPMessageTransmitter                                                                                       | 1,179            | 1,205             | 23,397             | 47,947              |
|------------------------------------------------------------------------------------------------------------------+------------------+-------------------+--------------------+---------------------|
| MockCCTPMessenger                                                                                                | 993              | 1,129             | 23,583             | 48,023              |
|------------------------------------------------------------------------------------------------------------------+------------------+-------------------+--------------------+---------------------|
| MockCCTPMessengerV2                                                                                              | 1,249            | 1,419             | 23,327             | 47,733              |
|------------------------------------------------------------------------------------------------------------------+------------------+-------------------+--------------------+---------------------|
| MockCCTPMinter                                                                                                   | 401              | 431               | 24,175             | 48,721              |
|------------------------------------------------------------------------------------------------------------------+------------------+-------------------+--------------------+---------------------|
| MockCCTPPeriphery                                                                                                | 967              | 993               | 23,609             | 48,159              |
|------------------------------------------------------------------------------------------------------------------+------------------+-------------------+--------------------+---------------------|
| MockCaller                                                                                                       | 57               | 1,094             | 24,519             | 48,058              |
|------------------------------------------------------------------------------------------------------------------+------------------+-------------------+--------------------+---------------------|
| MockDirectDstOFTHandler                                                                                          | 990              | 1,016             | 23,586             | 48,136              |
|------------------------------------------------------------------------------------------------------------------+------------------+-------------------+--------------------+---------------------|
| MockDonationBox (test/evm/foundry/local/SponsoredDirectFlow.t.sol)                                               | 271              | 297               | 24,305             | 48,855              |
|------------------------------------------------------------------------------------------------------------------+------------------+-------------------+--------------------+---------------------|
| MockDonationBox (test/evm/foundry/local/SponsorredCCTPDstPeriphery.t.sol)                                        | 429              | 455               | 24,147             | 48,697              |
|------------------------------------------------------------------------------------------------------------------+------------------+-------------------+--------------------+---------------------|
| MockERC1271                                                                                                      | 868              | 1,090             | 23,708             | 48,062              |
|------------------------------------------------------------------------------------------------------------------+------------------+-------------------+--------------------+---------------------|
| MockERC20                                                                                                        | 3,798            | 5,610             | 20,778             | 43,542              |
|------------------------------------------------------------------------------------------------------------------+------------------+-------------------+--------------------+---------------------|
| MockEndpoint                                                                                                     | 122              | 244               | 24,454             | 48,908              |
|------------------------------------------------------------------------------------------------------------------+------------------+-------------------+--------------------+---------------------|
| MockFinder                                                                                                       | 279              | 305               | 24,297             | 48,847              |
|------------------------------------------------------------------------------------------------------------------+------------------+-------------------+--------------------+---------------------|
| MockFunder                                                                                                       | 271              | 297               | 24,305             | 48,855              |
|------------------------------------------------------------------------------------------------------------------+------------------+-------------------+--------------------+---------------------|
| MockGateway                                                                                                      | 477              | 503               | 24,099             | 48,649              |
|------------------------------------------------------------------------------------------------------------------+------------------+-------------------+--------------------+---------------------|
| MockHelios                                                                                                       | 329              | 355               | 24,247             | 48,797              |
|------------------------------------------------------------------------------------------------------------------+------------------+-------------------+--------------------+---------------------|
| MockHub                                                                                                          | 466              | 599               | 24,110             | 48,553              |
|------------------------------------------------------------------------------------------------------------------+------------------+-------------------+--------------------+---------------------|
| MockHubPool                                                                                                      | 1,451            | 1,607             | 23,125             | 47,545              |
|------------------------------------------------------------------------------------------------------------------+------------------+-------------------+--------------------+---------------------|
| MockHubPoolForStore                                                                                              | 432              | 458               | 24,144             | 48,694              |
|------------------------------------------------------------------------------------------------------------------+------------------+-------------------+--------------------+---------------------|
| MockIdentifierWhitelist                                                                                          | 249              | 274               | 24,327             | 48,878              |
|------------------------------------------------------------------------------------------------------------------+------------------+-------------------+--------------------+---------------------|
| MockImplementation                                                                                               | 332              | 358               | 24,244             | 48,794              |
|------------------------------------------------------------------------------------------------------------------+------------------+-------------------+--------------------+---------------------|
| MockL2Eth                                                                                                        | 757              | 783               | 23,819             | 48,369              |
|------------------------------------------------------------------------------------------------------------------+------------------+-------------------+--------------------+---------------------|
| MockL2MessageService                                                                                             | 1,408            | 1,434             | 23,168             | 47,718              |
|------------------------------------------------------------------------------------------------------------------+------------------+-------------------+--------------------+---------------------|
| MockL2TokenBridge                                                                                                | 481              | 507               | 24,095             | 48,645              |
|------------------------------------------------------------------------------------------------------------------+------------------+-------------------+--------------------+---------------------|
| MockLpTokenFactory                                                                                               | 3,224            | 3,250             | 21,352             | 45,902              |
|------------------------------------------------------------------------------------------------------------------+------------------+-------------------+--------------------+---------------------|
| MockMessageTransmitter (test/evm/foundry/local/SponsoredDirectFlow.t.sol)                                        | 219              | 243               | 24,357             | 48,909              |
|------------------------------------------------------------------------------------------------------------------+------------------+-------------------+--------------------+---------------------|
| MockOFTMessenger                                                                                                 | 3,401            | 3,537             | 21,175             | 45,615              |
|------------------------------------------------------------------------------------------------------------------+------------------+-------------------+--------------------+---------------------|
| MockOFTPeriphery                                                                                                 | 848              | 1,024             | 23,728             | 48,128              |
|------------------------------------------------------------------------------------------------------------------+------------------+-------------------+--------------------+---------------------|
| MockOpUSDCBridge                                                                                                 | 401              | 427               | 24,175             | 48,725              |
|------------------------------------------------------------------------------------------------------------------+------------------+-------------------+--------------------+---------------------|
| MockOptimism_SpokePool                                                                                           | 23,978           | 24,691            | 598                | 24,461              |
|------------------------------------------------------------------------------------------------------------------+------------------+-------------------+--------------------+---------------------|
| MockOptimisticOracle                                                                                             | 3,256            | 3,402             | 21,320             | 45,750              |
|------------------------------------------------------------------------------------------------------------------+------------------+-------------------+--------------------+---------------------|
| MockPermit2                                                                                                      | 3,160            | 3,348             | 21,416             | 45,804              |
|------------------------------------------------------------------------------------------------------------------+------------------+-------------------+--------------------+---------------------|
| MockPolygonZkEVMBridge                                                                                           | 1,584            | 1,610             | 22,992             | 47,542              |
|------------------------------------------------------------------------------------------------------------------+------------------+-------------------+--------------------+---------------------|
| MockScrollL2GatewayRouter                                                                                        | 850              | 893               | 23,726             | 48,259              |
|------------------------------------------------------------------------------------------------------------------+------------------+-------------------+--------------------+---------------------|
| MockScrollMessenger                                                                                              | 764              | 790               | 23,812             | 48,362              |
|------------------------------------------------------------------------------------------------------------------+------------------+-------------------+--------------------+---------------------|
| MockSpokePool (contracts/test/MockSpokePool.sol)                                                                 | 22,186           | 22,617            | 2,390              | 26,535              |
|------------------------------------------------------------------------------------------------------------------+------------------+-------------------+--------------------+---------------------|
| MockSpokePool (test/evm/foundry/local/CounterfactualDepositSpokePool.t.sol)                                      | 1,363            | 1,389             | 23,213             | 47,763              |
|------------------------------------------------------------------------------------------------------------------+------------------+-------------------+--------------------+---------------------|
| MockSpokePool (test/evm/foundry/local/Tron_Counterfactual.t.sol)                                                 | 454              | 480               | 24,122             | 48,672              |
|------------------------------------------------------------------------------------------------------------------+------------------+-------------------+--------------------+---------------------|
| MockSpokePoolV2                                                                                                  | 22,430           | 22,825            | 2,146              | 26,327              |
|------------------------------------------------------------------------------------------------------------------+------------------+-------------------+--------------------+---------------------|
| MockStore                                                                                                        | 462              | 488               | 24,114             | 48,664              |
|------------------------------------------------------------------------------------------------------------------+------------------+-------------------+--------------------+---------------------|
| MockSwap                                                                                                         | 469              | 495               | 24,107             | 48,657              |
|------------------------------------------------------------------------------------------------------------------+------------------+-------------------+--------------------+---------------------|
| MockTokenMessenger                                                                                               | 361              | 497               | 24,215             | 48,655              |
|------------------------------------------------------------------------------------------------------------------+------------------+-------------------+--------------------+---------------------|
| MockTokenMessengerV2                                                                                             | 1,808            | 1,834             | 22,768             | 47,318              |
|------------------------------------------------------------------------------------------------------------------+------------------+-------------------+--------------------+---------------------|
| MockTokenMinter                                                                                                  | 362              | 388               | 24,214             | 48,764              |
|------------------------------------------------------------------------------------------------------------------+------------------+-------------------+--------------------+---------------------|
| MockTronUSDT                                                                                                     | 1,953            | 2,745             | 22,623             | 46,407              |
|------------------------------------------------------------------------------------------------------------------+------------------+-------------------+--------------------+---------------------|
| MockV5MessageHandler                                                                                             | 394              | 420               | 24,182             | 48,732              |
|------------------------------------------------------------------------------------------------------------------+------------------+-------------------+--------------------+---------------------|
| MockZkBridge                                                                                                     | 873              | 899               | 23,703             | 48,253              |
|------------------------------------------------------------------------------------------------------------------+------------------+-------------------+--------------------+---------------------|
| MockZkStack_Adapter                                                                                              | 5,395            | 6,413             | 19,181             | 42,739              |
|------------------------------------------------------------------------------------------------------------------+------------------+-------------------+--------------------+---------------------|
| MockZkStack_CustomGasToken_Adapter                                                                               | 6,026            | 7,127             | 18,550             | 42,025              |
|------------------------------------------------------------------------------------------------------------------+------------------+-------------------+--------------------+---------------------|
| Mock_Adapter                                                                                                     | 1,073            | 1,894             | 23,503             | 47,258              |
|------------------------------------------------------------------------------------------------------------------+------------------+-------------------+--------------------+---------------------|
| Mock_Bridge                                                                                                      | 672              | 698               | 23,904             | 48,454              |
|------------------------------------------------------------------------------------------------------------------+------------------+-------------------+--------------------+---------------------|
| Mock_Router_Adapter                                                                                              | 1,705            | 2,004             | 22,871             | 47,148              |
|------------------------------------------------------------------------------------------------------------------+------------------+-------------------+--------------------+---------------------|
| Mode_Adapter                                                                                                     | 3,074            | 3,619             | 21,502             | 45,533              |
|------------------------------------------------------------------------------------------------------------------+------------------+-------------------+--------------------+---------------------|
| MultiCaller                                                                                                      | 891              | 917               | 23,685             | 48,235              |
|------------------------------------------------------------------------------------------------------------------+------------------+-------------------+--------------------+---------------------|
| MultiCallerUpgradeable                                                                                           | 1,246            | 1,272             | 23,330             | 47,880              |
|------------------------------------------------------------------------------------------------------------------+------------------+-------------------+--------------------+---------------------|
| Multicall3                                                                                                       | 2,492            | 2,518             | 22,084             | 46,634              |
|------------------------------------------------------------------------------------------------------------------+------------------+-------------------+--------------------+---------------------|
| MulticallHandler                                                                                                 | 2,893            | 2,923             | 21,683             | 46,229              |
|------------------------------------------------------------------------------------------------------------------+------------------+-------------------+--------------------+---------------------|
| MultipleReplacementTarget                                                                                        | 193              | 217               | 24,383             | 48,935              |
|------------------------------------------------------------------------------------------------------------------+------------------+-------------------+--------------------+---------------------|
| OFTComposeMsgCodec                                                                                               | 57               | 85                | 24,519             | 49,067              |
|------------------------------------------------------------------------------------------------------------------+------------------+-------------------+--------------------+---------------------|
| OFTTransportAdapter                                                                                              | 363              | 504               | 24,213             | 48,648              |
|------------------------------------------------------------------------------------------------------------------+------------------+-------------------+--------------------+---------------------|
| OFTTransportAdapterWithStore                                                                                     | 442              | 625               | 24,134             | 48,527              |
|------------------------------------------------------------------------------------------------------------------+------------------+-------------------+--------------------+---------------------|
| OP_Adapter                                                                                                       | 3,285            | 3,948             | 21,291             | 45,204              |
|------------------------------------------------------------------------------------------------------------------+------------------+-------------------+--------------------+---------------------|
| OP_SpokePool                                                                                                     | 23,978           | 24,813            | 598                | 24,339              |
|------------------------------------------------------------------------------------------------------------------+------------------+-------------------+--------------------+---------------------|
| Optimism_Adapter                                                                                                 | 3,606            | 4,173             | 20,970             | 44,979              |
|------------------------------------------------------------------------------------------------------------------+------------------+-------------------+--------------------+---------------------|
| Optimism_SpokePool                                                                                               | 24,139           | 24,974            | 437                | 24,178              |
|------------------------------------------------------------------------------------------------------------------+------------------+-------------------+--------------------+---------------------|
| OptimisticOracleConstraints                                                                                      | 113              | 141               | 24,463             | 49,011              |
|------------------------------------------------------------------------------------------------------------------+------------------+-------------------+--------------------+---------------------|
| OracleInterfaces                                                                                                 | 831              | 861               | 23,745             | 48,291              |
|------------------------------------------------------------------------------------------------------------------+------------------+-------------------+--------------------+---------------------|
| Ovm_Forwarder                                                                                                    | 5,073            | 5,327             | 19,503             | 43,825              |
|------------------------------------------------------------------------------------------------------------------+------------------+-------------------+--------------------+---------------------|
| Ovm_SpokePool                                                                                                    | 23,523           | 24,358            | 1,053              | 24,794              |
|------------------------------------------------------------------------------------------------------------------+------------------+-------------------+--------------------+---------------------|
| Ovm_WithdrawalHelper                                                                                             | 6,270            | 7,168             | 18,306             | 41,984              |
|------------------------------------------------------------------------------------------------------------------+------------------+-------------------+--------------------+---------------------|
| Panic                                                                                                            | 57               | 85                | 24,519             | 49,067              |
|------------------------------------------------------------------------------------------------------------------+------------------+-------------------+--------------------+---------------------|
| PeripherySigningLib                                                                                              | 57               | 85                | 24,519             | 49,067              |
|------------------------------------------------------------------------------------------------------------------+------------------+-------------------+--------------------+---------------------|
| PermissionSplitterProxy                                                                                          | 2,998            | 3,897             | 21,578             | 45,255              |
|------------------------------------------------------------------------------------------------------------------+------------------+-------------------+--------------------+---------------------|
| PermissionedMulticallHandler                                                                                     | 4,339            | 4,613             | 20,237             | 44,539              |
|------------------------------------------------------------------------------------------------------------------+------------------+-------------------+--------------------+---------------------|
| Permit2EIP712                                                                                                    | 344              | 530               | 24,232             | 48,622              |
|------------------------------------------------------------------------------------------------------------------+------------------+-------------------+--------------------+---------------------|
| PolygonERC20Mock                                                                                                 | 1,614            | 2,407             | 22,962             | 46,745              |
|------------------------------------------------------------------------------------------------------------------+------------------+-------------------+--------------------+---------------------|
| PolygonERC20PredicateMock                                                                                        | 158              | 182               | 24,418             | 48,970              |
|------------------------------------------------------------------------------------------------------------------+------------------+-------------------+--------------------+---------------------|
| PolygonERC20Test                                                                                                 | 3,975            | 5,412             | 20,601             | 43,740              |
|------------------------------------------------------------------------------------------------------------------+------------------+-------------------+--------------------+---------------------|
| PolygonRegistryMock                                                                                              | 115              | 139               | 24,461             | 49,013              |
|------------------------------------------------------------------------------------------------------------------+------------------+-------------------+--------------------+---------------------|
| PolygonTokenBridger                                                                                              | 2,328            | 2,664             | 22,248             | 46,488              |
|------------------------------------------------------------------------------------------------------------------+------------------+-------------------+--------------------+---------------------|
| PolygonZkEVM_Adapter                                                                                             | 1,828            | 2,020             | 22,748             | 47,132              |
|------------------------------------------------------------------------------------------------------------------+------------------+-------------------+--------------------+---------------------|
| PolygonZkEVM_SpokePool                                                                                           | 21,890           | 22,373            | 2,686              | 26,779              |
|------------------------------------------------------------------------------------------------------------------+------------------+-------------------+--------------------+---------------------|
| Polygon_Adapter                                                                                                  | 5,349            | 6,159             | 19,227             | 42,993              |
|------------------------------------------------------------------------------------------------------------------+------------------+-------------------+--------------------+---------------------|
| Polygon_SpokePool                                                                                                | 24,707           | 25,565            | -131               | 23,587              |
|------------------------------------------------------------------------------------------------------------------+------------------+-------------------+--------------------+---------------------|
| PrecompileLib                                                                                                    | 57               | 85                | 24,519             | 49,067              |
|------------------------------------------------------------------------------------------------------------------+------------------+-------------------+--------------------+---------------------|
| PrecompileSim                                                                                                    | 4,270            | 4,296             | 20,306             | 44,856              |
|------------------------------------------------------------------------------------------------------------------+------------------+-------------------+--------------------+---------------------|
| ProxyAdmin                                                                                                       | 872              | 1,081             | 23,704             | 48,071              |
|------------------------------------------------------------------------------------------------------------------+------------------+-------------------+--------------------+---------------------|
| QuoteSignLib                                                                                                     | 57               | 85                | 24,519             | 49,067              |
|------------------------------------------------------------------------------------------------------------------+------------------+-------------------+--------------------+---------------------|
| RealL1Read                                                                                                       | 57               | 85                | 24,519             | 49,067              |
|------------------------------------------------------------------------------------------------------------------+------------------+-------------------+--------------------+---------------------|
| RecordingTarget                                                                                                  | 288              | 314               | 24,288             | 48,838              |
|------------------------------------------------------------------------------------------------------------------+------------------+-------------------+--------------------+---------------------|
| Reverter                                                                                                         | 57               | 81                | 24,519             | 49,071              |
|------------------------------------------------------------------------------------------------------------------+------------------+-------------------+--------------------+---------------------|
| RevertingImplementation                                                                                          | 248              | 273               | 24,328             | 48,879              |
|------------------------------------------------------------------------------------------------------------------+------------------+-------------------+--------------------+---------------------|
| RootChainManagerMock                                                                                             | 1,334            | 1,360             | 23,242             | 47,792              |
|------------------------------------------------------------------------------------------------------------------+------------------+-------------------+--------------------+---------------------|
| Router_Adapter                                                                                                   | 1,693            | 1,991             | 22,883             | 47,161              |
|------------------------------------------------------------------------------------------------------------------+------------------+-------------------+--------------------+---------------------|
| SP1AutoVerifier                                                                                                  | 209              | 233               | 24,367             | 48,919              |
|------------------------------------------------------------------------------------------------------------------+------------------+-------------------+--------------------+---------------------|
| SP1Helios                                                                                                        | 4,819            | 6,463             | 19,757             | 42,689              |
|------------------------------------------------------------------------------------------------------------------+------------------+-------------------+--------------------+---------------------|
| SP1MockVerifier                                                                                                  | 234              | 259               | 24,342             | 48,893              |
|------------------------------------------------------------------------------------------------------------------+------------------+-------------------+--------------------+---------------------|
| SafeCast (node_modules/@openzeppelin/contracts-v4/utils/math/SafeCast.sol)                                       | 57               | 85                | 24,519             | 49,067              |
|------------------------------------------------------------------------------------------------------------------+------------------+-------------------+--------------------+---------------------|
| SafeCast (node_modules/@openzeppelin/contracts/utils/math/SafeCast.sol)                                          | 57               | 85                | 24,519             | 49,067              |
|------------------------------------------------------------------------------------------------------------------+------------------+-------------------+--------------------+---------------------|
| SafeERC20 (node_modules/@openzeppelin/contracts-v4/token/ERC20/utils/SafeERC20.sol)                              | 57               | 85                | 24,519             | 49,067              |
|------------------------------------------------------------------------------------------------------------------+------------------+-------------------+--------------------+---------------------|
| SafeERC20 (node_modules/@openzeppelin/contracts/token/ERC20/utils/SafeERC20.sol)                                 | 57               | 85                | 24,519             | 49,067              |
|------------------------------------------------------------------------------------------------------------------+------------------+-------------------+--------------------+---------------------|
| SafeERC20Upgradeable                                                                                             | 57               | 85                | 24,519             | 49,067              |
|------------------------------------------------------------------------------------------------------------------+------------------+-------------------+--------------------+---------------------|
| SafeMath                                                                                                         | 57               | 85                | 24,519             | 49,067              |
|------------------------------------------------------------------------------------------------------------------+------------------+-------------------+--------------------+---------------------|
| Scroll_Adapter                                                                                                   | 2,058            | 2,360             | 22,518             | 46,792              |
|------------------------------------------------------------------------------------------------------------------+------------------+-------------------+--------------------+---------------------|
| Scroll_SpokePool                                                                                                 | 21,601           | 22,070            | 2,975              | 27,082              |
|------------------------------------------------------------------------------------------------------------------+------------------+-------------------+--------------------+---------------------|
| Shared                                                                                                           | 57               | 85                | 24,519             | 49,067              |
|------------------------------------------------------------------------------------------------------------------+------------------+-------------------+--------------------+---------------------|
| ShortStrings (node_modules/@openzeppelin/contracts-v4/utils/ShortStrings.sol)                                    | 57               | 85                | 24,519             | 49,067              |
|------------------------------------------------------------------------------------------------------------------+------------------+-------------------+--------------------+---------------------|
| ShortStrings (node_modules/@openzeppelin/contracts/utils/ShortStrings.sol)                                       | 57               | 85                | 24,519             | 49,067              |
|------------------------------------------------------------------------------------------------------------------+------------------+-------------------+--------------------+---------------------|
| SignatureChecker                                                                                                 | 57               | 85                | 24,519             | 49,067              |
|------------------------------------------------------------------------------------------------------------------+------------------+-------------------+--------------------+---------------------|
| SignatureVerification                                                                                            | 57               | 85                | 24,519             | 49,067              |
|------------------------------------------------------------------------------------------------------------------+------------------+-------------------+--------------------+---------------------|
| SignedMath (node_modules/@openzeppelin/contracts-v4/utils/math/SignedMath.sol)                                   | 57               | 85                | 24,519             | 49,067              |
|------------------------------------------------------------------------------------------------------------------+------------------+-------------------+--------------------+---------------------|
| SignedMath (node_modules/@openzeppelin/contracts/utils/math/SignedMath.sol)                                      | 57               | 85                | 24,519             | 49,067              |
|------------------------------------------------------------------------------------------------------------------+------------------+-------------------+--------------------+---------------------|
| SignedMathUpgradeable                                                                                            | 57               | 85                | 24,519             | 49,067              |
|------------------------------------------------------------------------------------------------------------------+------------------+-------------------+--------------------+---------------------|
| SignedSafeMath                                                                                                   | 57               | 85                | 24,519             | 49,067              |
|------------------------------------------------------------------------------------------------------------------+------------------+-------------------+--------------------+---------------------|
| SimpleContract (test/evm/foundry/local/SpokePool_EIP7702.t.sol)                                                  | 116              | 140               | 24,460             | 49,012              |
|------------------------------------------------------------------------------------------------------------------+------------------+-------------------+--------------------+---------------------|
| SimpleContract (test/evm/foundry/local/eraVM_EIP7702.sol)                                                        | 116              | 140               | 24,460             | 49,012              |
|------------------------------------------------------------------------------------------------------------------+------------------+-------------------+--------------------+---------------------|
| SimpleMockTarget                                                                                                 | 150              | 174               | 24,426             | 48,978              |
|------------------------------------------------------------------------------------------------------------------+------------------+-------------------+--------------------+---------------------|
| SlotDerivation                                                                                                   | 57               | 85                | 24,519             | 49,067              |
|------------------------------------------------------------------------------------------------------------------+------------------+-------------------+--------------------+---------------------|
| Solana_Adapter                                                                                                   | 2,799            | 3,439             | 21,777             | 45,713              |
|------------------------------------------------------------------------------------------------------------------+------------------+-------------------+--------------------+---------------------|
| SpokePoolPeriphery                                                                                               | 14,915           | 18,311            | 9,661              | 30,841              |
|------------------------------------------------------------------------------------------------------------------+------------------+-------------------+--------------------+---------------------|
| SpokePoolVerifier                                                                                                | 591              | 617               | 23,985             | 48,535              |
|------------------------------------------------------------------------------------------------------------------+------------------+-------------------+--------------------+---------------------|
| SponsoredCCTPDstPeriphery                                                                                        | 11,920           | 37,225            | 12,656             | 11,927              |
|------------------------------------------------------------------------------------------------------------------+------------------+-------------------+--------------------+---------------------|
| SponsoredCCTPQuoteLib                                                                                            | 57               | 85                | 24,519             | 49,067              |
|------------------------------------------------------------------------------------------------------------------+------------------+-------------------+--------------------+---------------------|
| SponsoredCCTPSrcPeriphery                                                                                        | 4,138            | 4,480             | 20,438             | 44,672              |
|------------------------------------------------------------------------------------------------------------------+------------------+-------------------+--------------------+---------------------|
| SponsoredOFTSrcPeriphery                                                                                         | 6,265            | 7,370             | 18,311             | 41,782              |
|------------------------------------------------------------------------------------------------------------------+------------------+-------------------+--------------------+---------------------|
| StorageSlot (node_modules/@openzeppelin/contracts-v4/utils/StorageSlot.sol)                                      | 57               | 85                | 24,519             | 49,067              |
|------------------------------------------------------------------------------------------------------------------+------------------+-------------------+--------------------+---------------------|
| StorageSlot (node_modules/@openzeppelin/contracts/utils/StorageSlot.sol)                                         | 57               | 85                | 24,519             | 49,067              |
|------------------------------------------------------------------------------------------------------------------+------------------+-------------------+--------------------+---------------------|
| StorageSlotUpgradeable                                                                                           | 57               | 85                | 24,519             | 49,067              |
|------------------------------------------------------------------------------------------------------------------+------------------+-------------------+--------------------+---------------------|
| StringFinder                                                                                                     | 57               | 85                | 24,519             | 49,067              |
|------------------------------------------------------------------------------------------------------------------+------------------+-------------------+--------------------+---------------------|
| Strings (node_modules/@openzeppelin/contracts-v4/utils/Strings.sol)                                              | 57               | 85                | 24,519             | 49,067              |
|------------------------------------------------------------------------------------------------------------------+------------------+-------------------+--------------------+---------------------|
| Strings (node_modules/@openzeppelin/contracts/utils/Strings.sol)                                                 | 57               | 85                | 24,519             | 49,067              |
|------------------------------------------------------------------------------------------------------------------+------------------+-------------------+--------------------+---------------------|
| StringsUpgradeable                                                                                               | 57               | 85                | 24,519             | 49,067              |
|------------------------------------------------------------------------------------------------------------------+------------------+-------------------+--------------------+---------------------|
| SvmLeafHasher                                                                                                    | 57               | 85                | 24,519             | 49,067              |
|------------------------------------------------------------------------------------------------------------------+------------------+-------------------+--------------------+---------------------|
| SwapHandler                                                                                                      | 3,011            | 3,085             | 21,565             | 46,067              |
|------------------------------------------------------------------------------------------------------------------+------------------+-------------------+--------------------+---------------------|
| SwapProxy                                                                                                        | 1,959            | 2,105             | 22,617             | 47,047              |
|------------------------------------------------------------------------------------------------------------------+------------------+-------------------+--------------------+---------------------|
| TestHyperCoreHandler                                                                                             | 2,523            | 27,930            | 22,053             | 21,222              |
|------------------------------------------------------------------------------------------------------------------+------------------+-------------------+--------------------+---------------------|
| TestTarget                                                                                                       | 280              | 306               | 24,296             | 48,846              |
|------------------------------------------------------------------------------------------------------------------+------------------+-------------------+--------------------+---------------------|
| Testable_Tron_SpokePool                                                                                          | 25,447           | 26,380            | -871               | 22,772              |
|------------------------------------------------------------------------------------------------------------------+------------------+-------------------+--------------------+---------------------|
| Timer                                                                                                            | 148              | 175               | 24,428             | 48,977              |
|------------------------------------------------------------------------------------------------------------------+------------------+-------------------+--------------------+---------------------|
| TokenTestTarget                                                                                                  | 346              | 372               | 24,230             | 48,780              |
|------------------------------------------------------------------------------------------------------------------+------------------+-------------------+--------------------+---------------------|
| Token_ERC20 (test/evm/foundry/local/Blast_DaiRetriever.t.sol)                                                    | 1,722            | 2,629             | 22,854             | 46,523              |
|------------------------------------------------------------------------------------------------------------------+------------------+-------------------+--------------------+---------------------|
| Token_ERC20 (test/evm/foundry/local/Forwarder.t.sol)                                                             | 1,846            | 2,753             | 22,730             | 46,399              |
|------------------------------------------------------------------------------------------------------------------+------------------+-------------------+--------------------+---------------------|
| Token_ERC20 (test/evm/foundry/local/Router_Adapter.t.sol)                                                        | 1,846            | 2,753             | 22,730             | 46,399              |
|------------------------------------------------------------------------------------------------------------------+------------------+-------------------+--------------------+---------------------|
| Token_ERC20 (test/evm/foundry/local/WithdrawalHelper.t.sol)                                                      | 1,846            | 2,753             | 22,730             | 46,399              |
|------------------------------------------------------------------------------------------------------------------+------------------+-------------------+--------------------+---------------------|
| Token_ERC20 (test/evm/foundry/local/ZkStack_Adapter.t.sol)                                                       | 1,846            | 2,753             | 22,730             | 46,399              |
|------------------------------------------------------------------------------------------------------------------+------------------+-------------------+--------------------+---------------------|
| TransferProxy                                                                                                    | 1,118            | 1,144             | 23,458             | 48,008              |
|------------------------------------------------------------------------------------------------------------------+------------------+-------------------+--------------------+---------------------|
| TransparentUpgradeableProxy                                                                                      | 752              | 2,649             | 23,824             | 46,503              |
|------------------------------------------------------------------------------------------------------------------+------------------+-------------------+--------------------+---------------------|
| TronClones                                                                                                       | 57               | 85                | 24,519             | 49,067              |
|------------------------------------------------------------------------------------------------------------------+------------------+-------------------+--------------------+---------------------|
| TronMulticallHandler                                                                                             | 3,040            | 3,070             | 21,536             | 46,082              |
|------------------------------------------------------------------------------------------------------------------+------------------+-------------------+--------------------+---------------------|
| TronTransferLib                                                                                                  | 57               | 85                | 24,519             | 49,067              |
|------------------------------------------------------------------------------------------------------------------+------------------+-------------------+--------------------+---------------------|
| Tron_SpokePool                                                                                                   | 25,062           | 26,017            | -486               | 23,135              |
|------------------------------------------------------------------------------------------------------------------+------------------+-------------------+--------------------+---------------------|
| Universal_Adapter                                                                                                | 4,050            | 4,661             | 20,526             | 44,491              |
|------------------------------------------------------------------------------------------------------------------+------------------+-------------------+--------------------+---------------------|
| Universal_SpokePool                                                                                              | 24,932           | 25,887            | -356               | 23,265              |
|------------------------------------------------------------------------------------------------------------------+------------------+-------------------+--------------------+---------------------|
| UnsafeUpgrades                                                                                                   | 57               | 85                | 24,519             | 49,067              |
|------------------------------------------------------------------------------------------------------------------+------------------+-------------------+--------------------+---------------------|
| UpgradeableBeacon                                                                                                | 599              | 952               | 23,977             | 48,200              |
|------------------------------------------------------------------------------------------------------------------+------------------+-------------------+--------------------+---------------------|
| Upgrades                                                                                                         | 57               | 85                | 24,519             | 49,067              |
|------------------------------------------------------------------------------------------------------------------+------------------+-------------------+--------------------+---------------------|
| Utils                                                                                                            | 57               | 85                | 24,519             | 49,067              |
|------------------------------------------------------------------------------------------------------------------+------------------+-------------------+--------------------+---------------------|
| V2MerkleLib                                                                                                      | 57               | 85                | 24,519             | 49,067              |
|------------------------------------------------------------------------------------------------------------------+------------------+-------------------+--------------------+---------------------|
| Versions                                                                                                         | 57               | 85                | 24,519             | 49,067              |
|------------------------------------------------------------------------------------------------------------------+------------------+-------------------+--------------------+---------------------|
| WETH9                                                                                                            | 1,796            | 2,127             | 22,780             | 47,025              |
|------------------------------------------------------------------------------------------------------------------+------------------+-------------------+--------------------+---------------------|
| WithdrawImplementation                                                                                           | 753              | 779               | 23,823             | 48,373              |
|------------------------------------------------------------------------------------------------------------------+------------------+-------------------+--------------------+---------------------|
| WithdrawImplementationTron                                                                                       | 1,065            | 1,091             | 23,511             | 48,061              |
|------------------------------------------------------------------------------------------------------------------+------------------+-------------------+--------------------+---------------------|
| WorldChain_SpokePool                                                                                             | 24,394           | 25,236            | 182                | 23,916              |
|------------------------------------------------------------------------------------------------------------------+------------------+-------------------+--------------------+---------------------|
| ZkStack_Adapter                                                                                                  | 5,383            | 6,407             | 19,193             | 42,745              |
|------------------------------------------------------------------------------------------------------------------+------------------+-------------------+--------------------+---------------------|
| ZkStack_CustomGasToken_Adapter                                                                                   | 6,016            | 7,122             | 18,560             | 42,030              |
|------------------------------------------------------------------------------------------------------------------+------------------+-------------------+--------------------+---------------------|
| ZkSync_SpokePool                                                                                                 | 23,544           | 24,486            | 1,032              | 24,666              |
|------------------------------------------------------------------------------------------------------------------+------------------+-------------------+--------------------+---------------------|
| Zora_Adapter                                                                                                     | 3,074            | 3,619             | 21,502             | 45,533              |
╰------------------------------------------------------------------------------------------------------------------+------------------+-------------------+--------------------+---------------------╯

